full_name,age
wrighha01,1871
woodji01,1871
paborch01,1871
lennobi01,1871
deaneha01,1871
fergubo01,1871
mcbridi01,1871
hastisc01,1871
pikeli01,1871
cravebi01,1871
youngni99,1871
cravebi01,1872
millsev01,1872
clintji01,1872
woodji01,1872
fergubo01,1872
wrighha01,1872
hastisc01,1872
whitede01,1872
clappjo01,1872
pearcdi01,1872
hatfijo01,1872
mcbridi01,1872
woodji01,1872
youngni99,1872
millejo01,1872
mcveyca01,1873
careyto01,1873
smithbi01,1873
fergubo01,1873
wrighha01,1873
allisdo01,1873
hatfijo01,1873
startjo01,1873
mcbridi01,1873
malonfe01,1873
woodji01,1873
youngni99,1873
whitewa01,1874
fergubo01,1874
wrighha01,1874
malonfe01,1874
woodji01,1874
pikeli01,1874
careyto01,1874
highadi01,1874
mcbridi01,1874
cravebi01,1874
paborch01,1875
boydbi01,1875
wrighha01,1875
woodji01,1875
fergubo01,1875
simmojo01,1875
gouldch01,1875
lathaju01,1875
paborch01,1875
hicksna01,1875
mcbridi01,1875
ansonca01,1875
mcgeami01,1875
addybo01,1875
cravebi01,1875
sweasch01,1875
pearcdi01,1875
holliho01,1875
parksbi01,1875
wrighha01,1876
spaldal01,1876
gouldch01,1876
fergubo01,1876
chapmja01,1876
cammebi99,1876
wrighal99,1876
graffma99,1876
mcmange99,1876
wrighha01,1877
spaldal01,1877
pikeli01,1877
addybo01,1877
mannija01,1877
fergubo01,1877
chapmja01,1877
mcmange99,1877
wrighha01,1878
fergubo01,1878
mcveyca01,1878
clappjo01,1878
chapmja01,1878
yorkto01,1878
clappjo01,1879
wrighha01,1879
ansonca01,1879
flintsi01,1879
mccorji01,1879
whitede01,1879
mcveyca01,1879
wrighge01,1879
dorgami01,1879
holbebi01,1879
maculji01,1879
phillho99,1879
fergubo01,1879
cranesa01,1880
wrighha01,1880
ansonca01,1880
mccorji01,1880
clappjo01,1880
mcgeami01,1880
wardjo01,1880
dorgami01,1880
fergubo01,1880
bancrfr99,1880
orourji01,1881
wrighha01,1881
ansonca01,1881
mcgeami01,1881
clappjo01,1881
bancrfr99,1881
farreja02,1881
yorkto01,1881
fergubo01,1881
dorgami01,1881
stoveha01,1881
myershe01,1882
snydepo01,1882
mackde01,1882
lathaju01,1882
prattal01,1882
cuthbne01,1882
orourji01,1882
morrijo01,1882
ansonca01,1882
mccorji01,1882
dunlafr01,1882
bancrfr99,1882
wrighha01,1882
fergubo01,1882
brownfr99,1882
bondto01,1882
chapmja01,1882
barnibi01,1883
phillho99,1883
snydepo01,1883
gerhajo01,1883
mutriji99,1883
knighlo01,1883
prattal01,1883
butleor99,1883
battijo01,1883
sullite01,1883
comisch01,1883
orourji01,1883
burdoja01,1883
morrijo01,1883
ansonca01,1883
bancrfr99,1883
chapmja01,1883
clappjo01,1883
fergubo01,1883
purcebl01,1883
wrighha01,1883
barnibi01,1884
tayloge99,1884
schmegu99,1884
whitewi01,1884
snydepo01,1884
giffoji99,1884
watkibi01,1884
walshmi99,1884
mutriji99,1884
knighlo01,1884
mcknide99,1884
fergubo01,1884
battijo01,1884
creamge01,1884
phillho99,1884
mosesfe99,1884
williji99,1884
comisch01,1884
mortoch01,1884
holliho01,1884
bicke99,1884
orourji01,1884
morrijo01,1884
ansonca01,1884
hackech99,1884
chapmja01,1884
priceji99,1884
wardjo01,1884
wrighha01,1884
bancrfr99,1884
curtied99,1884
hendebi99,1884
murnati01,1884
hengled99,1884
battijo01,1884
ellicjo01,1884
olearda01,1884
cranesa01,1884
wheelha01,1884
portema01,1884
sullite01,1884
loftuto01,1884
malonfe01,1884
sullite01,1884
dunlafr01,1884
thompam99,1884
simmojo01,1884
scanlmi99,1884
barnibi01,1885
hackech99,1885
byrnech99,1885
cayloop99,1885
hartji99,1885
giffoji99,1885
stoveha01,1885
phillho99,1885
comisch01,1885
galvipu01,1885
chapmja01,1885
morrijo01,1885
ansonca01,1885
mortoch01,1885
watkibi01,1885
mutriji99,1885
wrighha01,1885
bancrfr99,1885
dunlafr01,1885
mckinal01,1885
dunlafr01,1885
barnibi01,1886
byrnech99,1886
cayloop99,1886
hartji99,1886
giffoji99,1886
fergubo01,1886
simmole99,1886
sharsbi99,1886
phillho99,1886
comisch01,1886
morrijo01,1886
ansonca01,1886
watkibi01,1886
roweda01,1886
mutriji99,1886
wrighha01,1886
schmegu99,1886
scanlmi99,1886
gaffnjo99,1886
barnibi01,1887
byrnech99,1887
williji99,1887
schmegu99,1887
kellyjo01,1887
fergubo01,1887
orrda01,1887
cayloop99,1887
bancrfr99,1887
masonch01,1887
comisch01,1887
kellyki01,1887
morrijo01,1887
ansonca01,1887
watkibi01,1887
burnhwa99,1887
thomafr99,1887
fogelho99,1887
mutriji99,1887
wrighha01,1887
phillho99,1887
gaffnjo99,1887
barnibi01,1888
mcgunbi01,1888
williji99,1888
loftuto01,1888
schmegu99,1888
roweda01,1888
barklsa01,1888
watkibi01,1888
kellyjo01,1888
davidmo99,1888
kerinjo01,1888
davidmo99,1888
sharsbi99,1888
comisch01,1888
morrijo01,1888
ansonca01,1888
watkibi01,1888
leadlbo99,1888
spencha99,1888
mutriji99,1888
wrighha01,1888
phillho99,1888
hewetwa99,1888
sullite01,1888
barnibi01,1889
mcgunbi01,1889
buckeal99,1889
schmegu99,1889
watkibi01,1889
esterdu01,1889
wolfji01,1889
shannda01,1889
chapmja01,1889
sharsbi99,1889
comisch01,1889
hartji99,1889
ansonca01,1889
loftuto01,1889
bancrfr99,1889
glassja01,1889
mutriji99,1889
wrighha01,1889
phillho99,1889
dunlafr01,1889
hanlone01,1889
morrijo01,1889
irwinar01,1889
barnibi01,1890
kenneji99,1890
buckeal99,1890
schmegu99,1890
sullipa99,1890
chapmja01,1890
sharsbi99,1890
powerpa99,1890
mccarto01,1890
kerinjo01,1890
rosemch01,1890
campaco01,1890
mccarto01,1890
gerhajo01,1890
frazege99,1890
fessewa99,1890
frazege99,1890
mortoch01,1890
mcgunbi01,1890
seleefr99,1890
ansonca01,1890
loftuto01,1890
schmegu99,1890
leadlbo99,1890
mutriji99,1890
wrighha01,1890
clemeja01,1890
reachal01,1890
allenbo01,1890
wrighha01,1890
heckegu01,1890
roweja01,1890
faatzja01,1890
roweja01,1890
wardjo01,1890
kellyki01,1890
comisch01,1890
larkihe01,1890
tebeapa01,1890
ewingbu01,1890
fogarji01,1890
buffich01,1890
hanlone01,1890
barnibi01,1891
irwinar01,1891
schmegu99,1891
kellyki01,1891
chapmja01,1891
cushmch99,1891
sharsbi99,1891
woodge01,1891
comisch01,1891
trottsa01,1891
snydepo01,1891
shannda01,1891
griffsa01,1891
wardjo01,1891
seleefr99,1891
ansonca01,1891
loftuto01,1891
leadlbo99,1891
tebeapa01,1891
mutriji99,1891
wrighha01,1891
hanlone01,1891
mcgunbi01,1891
vanhage01,1892
waltzjo99,1892
hanlone01,1892
wardjo01,1892
seleefr99,1892
ansonca01,1892
comisch01,1892
tebeapa01,1892
chapmja01,1892
pfefffr01,1892
powerpa99,1892
wrighha01,1892
buckeal99,1892
burnsto01,1892
buckeal99,1892
glassja01,1892
striccu01,1892
crookja01,1892
gorege01,1892
carutbo01,1892
barnibi01,1892
irwinar01,1892
richada01,1892
hanlone01,1893
foutzda01,1893
seleefr99,1893
ansonca01,1893
comisch01,1893
tebeapa01,1893
barnibi01,1893
wardjo01,1893
wrighha01,1893
buckeal99,1893
watkibi01,1893
orourji01,1893
hanlone01,1894
foutzda01,1894
seleefr99,1894
ansonca01,1894
comisch01,1894
tebeapa01,1894
barnibi01,1894
wardjo01,1894
irwinar01,1894
buckeal99,1894
mackco01,1894
milledo01,1894
schmegu99,1894
hanlone01,1895
foutzda01,1895
seleefr99,1895
ansonca01,1895
ewingbu01,1895
tebeapa01,1895
mcclojo99,1895
davisge01,1895
doyleja01,1895
watkiha99,1895
irwinar01,1895
mackco01,1895
buckeal99,1895
vondech99,1895
quinnjo02,1895
phelale99,1895
schmegu99,1895
hanlone01,1896
foutzda01,1896
seleefr99,1896
ansonca01,1896
ewingbu01,1896
tebeapa01,1896
mcclojo99,1896
mcgunbi01,1896
irwinar01,1896
joycebi01,1896
nashbi01,1896
mackco01,1896
diddlha99,1896
lathaar01,1896
vondech99,1896
connoro01,1896
dowdto01,1896
schmegu99,1896
hanlone01,1897
barnibi01,1897
seleefr99,1897
ansonca01,1897
ewingbu01,1897
tebeapa01,1897
rogerji01,1897
clarkfr01,1897
joycebi01,1897
stallge01,1897
donovpa01,1897
dowdto01,1897
nicolhu01,1897
hallmbi01,1897
vondech99,1897
schmegu99,1897
brownto01,1897
hanlone01,1898
barnibi01,1898
griffmi01,1898
ebbetch99,1898
seleefr99,1898
burnsto01,1898
ewingbu01,1898
tebeapa01,1898
clarkfr01,1898
joycebi01,1898
ansonca01,1898
joycebi01,1898
stallge01,1898
shettbi99,1898
watkibi01,1898
hurstti99,1898
brownto01,1898
doyleja01,1898
mcguide01,1898
irwinar01,1898
mcgrajo01,1899
hanlone01,1899
seleefr99,1899
burnsto01,1899
ewingbu01,1899
crossla01,1899
quinnjo02,1899
clarkfr01,1899
dayjo99,1899
hoeyfr99,1899
shettbi99,1899
watkibi01,1899
donovpa01,1899
tebeapa01,1899
irwinar01,1899
hanlone01,1900
seleefr99,1900
loftuto01,1900
allenbo01,1900
ewingbu01,1900
davisge01,1900
shettbi99,1900
clarkfr01,1900
tebeapa01,1900
heilblo99,1900
mcgrajo01,1901
colliji01,1901
griffcl01,1901
mcaleji01,1901
stallge01,1901
duffyhu01,1901
mackco01,1901
manniji01,1901
hanlone01,1901
seleefr99,1901
loftuto01,1901
mcphebi01,1901
davisge01,1901
shettbi99,1901
clarkfr01,1901
donovpa01,1901
mcgrajo01,1902
robinwi01,1902
colliji01,1902
griffcl01,1902
armoubi99,1902
dwyerfr01,1902
mackco01,1902
mcaleji01,1902
loftuto01,1902
hanlone01,1902
buckeal99,1902
seleefr99,1902
mcphebi01,1902
bancrfr99,1902
kellejo01,1902
fogelho99,1902
smithhe01,1902
mcgrajo01,1902
shettbi99,1902
clarkfr01,1902
donovpa01,1902
colliji01,1903
callani01,1903
armoubi99,1903
barroed99,1903
griffcl01,1903
mackco01,1903
mcaleji01,1903
loftuto01,1903
hanlone01,1903
buckeal99,1903
seleefr99,1903
kellejo01,1903
mcgrajo01,1903
zimmech01,1903
clarkfr01,1903
donovpa01,1903
colliji01,1904
callani01,1904
jonesfi01,1904
armoubi99,1904
barroed99,1904
lowebo01,1904
griffcl01,1904
mackco01,1904
mcaleji01,1904
kittrma01,1904
donovpa01,1904
hanlone01,1904
buckeal99,1904
seleefr99,1904
kellejo01,1904
mcgrajo01,1904
duffyhu01,1904
clarkfr01,1904
nichoki01,1904
colliji01,1905
jonesfi01,1905
lajoina01,1905
bradlbi01,1905
lajoina01,1905
armoubi99,1905
griffcl01,1905
mackco01,1905
mcaleji01,1905
stahlja01,1905
hanlone01,1905
tennefr02,1905
seleefr99,1905
chancfr01,1905
kellejo01,1905
mcgrajo01,1905
duffyhu01,1905
clarkfr01,1905
nichoki01,1905
burkeji01,1905
robisst99,1905
colliji01,1906
stahlch01,1906
jonesfi01,1906
lajoina01,1906
armoubi99,1906
griffcl01,1906
mackco01,1906
mcaleji01,1906
stahlja01,1906
donovpa01,1906
tennefr02,1906
chancfr01,1906
hanlone01,1906
mcgrajo01,1906
duffyhu01,1906
clarkfr01,1906
mcclojo99,1906
youngcy01,1907
huffge99,1907
unglabo01,1907
mcguide01,1907
jonesfi01,1907
lajoina01,1907
jennihu01,1907
griffcl01,1907
mackco01,1907
mcaleji01,1907
cantijo99,1907
donovpa01,1907
tennefr02,1907
chancfr01,1907
hanlone01,1907
mcgrajo01,1907
murrabi99,1907
clarkfr01,1907
mcclojo99,1907
mcguide01,1908
lakefr01,1908
jonesfi01,1908
lajoina01,1908
jennihu01,1908
griffcl01,1908
elberki01,1908
mackco01,1908
mcaleji01,1908
cantijo99,1908
donovpa01,1908
kellejo01,1908
chancfr01,1908
ganzejo01,1908
mcgrajo01,1908
murrabi99,1908
clarkfr01,1908
mcclojo99,1908
lakefr01,1909
sullibi03,1909
lajoina01,1909
mcguide01,1909
jennihu01,1909
stallge01,1909
mackco01,1909
mcaleji01,1909
cantijo99,1909
lumleha01,1909
bowerfr01,1909
smithha03,1909
chancfr01,1909
griffcl01,1909
mcgrajo01,1909
murrabi99,1909
clarkfr01,1909
bresnro01,1909
donovpa01,1910
duffyhu01,1910
mcguide01,1910
jennihu01,1910
stallge01,1910
chaseha01,1910
mackco01,1910
oconnja01,1910
mcaleji01,1910
dahlebi01,1910
lakefr01,1910
chancfr01,1910
griffcl01,1910
mcgrajo01,1910
dooinre01,1910
clarkfr01,1910
bresnro01,1910
donovpa01,1911
duffyhu01,1911
mcguide01,1911
stovage01,1911
jennihu01,1911
chaseha01,1911
mackco01,1911
wallabo01,1911
mcaleji01,1911
dahlebi01,1911
tennefr02,1911
chancfr01,1911
griffcl01,1911
mcgrajo01,1911
dooinre01,1911
clarkfr01,1911
bresnro01,1911
stahlja01,1912
callani01,1912
davisha01,1912
birmijo01,1912
jennihu01,1912
wolveha01,1912
mackco01,1912
wallabo01,1912
stovage01,1912
griffcl01,1912
dahlebi01,1912
klingjo01,1912
chancfr01,1912
odayha01,1912
mcgrajo01,1912
dooinre01,1912
clarkfr01,1912
bresnro01,1912
stahlja01,1913
carribi02,1913
callani01,1913
birmijo01,1913
jennihu01,1913
chancfr01,1913
mackco01,1913
stovage01,1913
austiji01,1913
rickebr01,1913
griffcl01,1913
dahlebi01,1913
stallge01,1913
eversjo01,1913
tinkejo01,1913
mcgrajo01,1913
dooinre01,1913
clarkfr01,1913
huggimi01,1913
carribi02,1914
callani01,1914
birmijo01,1914
jennihu01,1914
chancfr01,1914
peckiro01,1914
mackco01,1914
rickebr01,1914
griffcl01,1914
knabeot01,1914
bradlbi01,1914
schlala01,1914
tinkejo01,1914
phillbi02,1914
stovage01,1914
gessldo01,1914
oakesre01,1914
brownmo01,1914
jonesfi01,1914
robinwi01,1914
stallge01,1914
odayha01,1914
herzobu01,1914
mcgrajo01,1914
dooinre01,1914
clarkfr01,1914
huggimi01,1914
carribi02,1915
rowlapa99,1915
birmijo01,1915
fohlle01,1915
jennihu01,1915
donovbi01,1915
mackco01,1915
rickebr01,1915
griffcl01,1915
knabeot01,1915
mageele01,1915
ganzejo01,1915
schlala01,1915
blairwa01,1915
lordha01,1915
tinkejo01,1915
stovage01,1915
phillbi02,1915
mckecbi01,1915
oakesre01,1915
jonesfi01,1915
robinwi01,1915
stallge01,1915
bresnro01,1915
herzobu01,1915
mcgrajo01,1915
moranpa01,1915
clarkfr01,1915
huggimi01,1915
carribi02,1916
rowlapa99,1916
fohlle01,1916
jennihu01,1916
donovbi01,1916
mackco01,1916
jonesfi01,1916
griffcl01,1916
robinwi01,1916
stallge01,1916
tinkejo01,1916
herzobu01,1916
wingoiv01,1916
mathech01,1916
mcgrajo01,1916
moranpa01,1916
callani01,1916
huggimi01,1916
barryja01,1917
rowlapa99,1917
fohlle01,1917
jennihu01,1917
donovbi01,1917
mackco01,1917
jonesfi01,1917
griffcl01,1917
robinwi01,1917
stallge01,1917
mitchfr01,1917
mathech01,1917
mcgrajo01,1917
moranpa01,1917
callani01,1917
wagneho01,1917
bezdehu99,1917
huggimi01,1917
barroed99,1918
rowlapa99,1918
fohlle01,1918
jennihu01,1918
huggimi01,1918
mackco01,1918
jonesfi01,1918
austiji01,1918
burkeji01,1918
griffcl01,1918
robinwi01,1918
stallge01,1918
mitchfr01,1918
mathech01,1918
grohhe01,1918
mcgrajo01,1918
moranpa01,1918
bezdehu99,1918
hendrja01,1918
barroed99,1919
gleaski01,1919
fohlle01,1919
speaktr01,1919
jennihu01,1919
huggimi01,1919
mackco01,1919
burkeji01,1919
griffcl01,1919
robinwi01,1919
stallge01,1919
mitchfr01,1919
moranpa01,1919
mcgrajo01,1919
coombja01,1919
cravaga01,1919
bezdehu99,1919
rickebr01,1919
barroed99,1920
gleaski01,1920
speaktr01,1920
jennihu01,1920
huggimi01,1920
mackco01,1920
burkeji01,1920
griffcl01,1920
robinwi01,1920
stallge01,1920
mitchfr01,1920
moranpa01,1920
mcgrajo01,1920
cravaga01,1920
gibsoge01,1920
rickebr01,1920
duffyhu01,1921
gleaski01,1921
speaktr01,1921
cobbty01,1921
huggimi01,1921
mackco01,1921
fohlle01,1921
mcbrige01,1921
robinwi01,1921
mitchfr01,1921
eversjo01,1921
killebi01,1921
moranpa01,1921
mcgrajo01,1921
donovbi01,1921
wilheka01,1921
gibsoge01,1921
rickebr01,1921
duffyhu01,1922
gleaski01,1922
speaktr01,1922
cobbty01,1922
huggimi01,1922
mackco01,1922
fohlle01,1922
milancl01,1922
robinwi01,1922
mitchfr01,1922
killebi01,1922
moranpa01,1922
mcgrajo01,1922
wilheka01,1922
gibsoge01,1922
mckecbi01,1922
rickebr01,1922
chancfr01,1923
gleaski01,1923
speaktr01,1923
cobbty01,1923
huggimi01,1923
mackco01,1923
fohlle01,1923
austiji01,1923
bushdo01,1923
robinwi01,1923
mitchfr01,1923
killebi01,1923
moranpa01,1923
mcgrajo01,1923
fletcar01,1923
mckecbi01,1923
rickebr01,1923
fohlle01,1924
eversjo01,1924
walshed01,1924
collied01,1924
eversjo01,1924
speaktr01,1924
cobbty01,1924
huggimi01,1924
mackco01,1924
sislege01,1924
harribu01,1924
robinwi01,1924
bancrda01,1924
killebi01,1924
hendrja01,1924
mcgrajo01,1924
jennihu01,1924
mcgrajo01,1924
fletcar01,1924
mckecbi01,1924
rickebr01,1924
fohlle01,1925
collied01,1925
speaktr01,1925
cobbty01,1925
huggimi01,1925
mackco01,1925
sislege01,1925
harribu01,1925
robinwi01,1925
bancrda01,1925
killebi01,1925
maranra01,1925
gibsoge01,1925
hendrja01,1925
mcgrajo01,1925
jennihu01,1925
mcgrajo01,1925
fletcar01,1925
mckecbi01,1925
rickebr01,1925
hornsro01,1925
fohlle01,1926
collied01,1926
speaktr01,1926
cobbty01,1926
huggimi01,1926
mackco01,1926
sislege01,1926
harribu01,1926
robinwi01,1926
bancrda01,1926
mccarjo99,1926
hendrja01,1926
mcgrajo01,1926
fletcar01,1926
mckecbi01,1926
hornsro01,1926
carribi02,1927
schalra01,1927
mccalja99,1927
moriage02,1927
huggimi01,1927
mackco01,1927
howleda01,1927
harribu01,1927
robinwi01,1927
bancrda01,1927
mccarjo99,1927
hendrja01,1927
mcgrajo01,1927
hornsro01,1927
mcinnst01,1927
bushdo01,1927
ofarrbo01,1927
carribi02,1928
schalra01,1928
blackle01,1928
peckiro01,1928
moriage02,1928
huggimi01,1928
mackco01,1928
howleda01,1928
harribu01,1928
robinwi01,1928
slattja01,1928
hornsro01,1928
mccarjo99,1928
hendrja01,1928
mcgrajo01,1928
shottbu01,1928
bushdo01,1928
mckecbi01,1928
carribi02,1929
blackle01,1929
peckiro01,1929
harribu01,1929
huggimi01,1929
fletcar01,1929
mackco01,1929
howleda01,1929
johnswa01,1929
robinwi01,1929
fuchsju99,1929
mccarjo99,1929
hendrja01,1929
mcgrajo01,1929
shottbu01,1929
bushdo01,1929
ensje01,1929
southbi01,1929
streega01,1929
mckecbi01,1929
wagnehe01,1930
bushdo01,1930
peckiro01,1930
harribu01,1930
shawkbo01,1930
mackco01,1930
killebi01,1930
johnswa01,1930
robinwi01,1930
mckecbi01,1930
mccarjo99,1930
hornsro01,1930
howleda01,1930
mcgrajo01,1930
shottbu01,1930
ensje01,1930
streega01,1930
collish01,1931
bushdo01,1931
peckiro01,1931
harribu01,1931
mccarjo99,1931
mackco01,1931
killebi01,1931
johnswa01,1931
robinwi01,1931
mckecbi01,1931
hornsro01,1931
howleda01,1931
mcgrajo01,1931
shottbu01,1931
ensje01,1931
streega01,1931
collish01,1932
mcmanma01,1932
fonsele01,1932
peckiro01,1932
harribu01,1932
mccarjo99,1932
mackco01,1932
killebi01,1932
johnswa01,1932
careyma01,1932
mckecbi01,1932
hornsro01,1932
grimmch01,1932
howleda01,1932
mcgrajo01,1932
terrybi01,1932
shottbu01,1932
gibsoge01,1932
streega01,1932
mcmanma01,1933
fonsele01,1933
peckiro01,1933
falkbi01,1933
johnswa01,1933
harribu01,1933
bakerde01,1933
mccarjo99,1933
mackco01,1933
killebi01,1933
sothoal01,1933
hornsro01,1933
cronijo01,1933
careyma01,1933
mckecbi01,1933
grimmch01,1933
bushdo01,1933
terrybi01,1933
shottbu01,1933
gibsoge01,1933
streega01,1933
friscfr01,1933
harribu01,1934
fonsele01,1934
dykesji01,1934
johnswa01,1934
cochrmi01,1934
mccarjo99,1934
mackco01,1934
hornsro01,1934
cronijo01,1934
stengca01,1934
mckecbi01,1934
grimmch01,1934
ofarrbo01,1934
shottbu01,1934
dressch01,1934
terrybi01,1934
wilsoji01,1934
gibsoge01,1934
traynpi01,1934
friscfr01,1934
cronijo01,1935
dykesji01,1935
johnswa01,1935
oneilst01,1935
cochrmi01,1935
mccarjo99,1935
mackco01,1935
hornsro01,1935
harribu01,1935
stengca01,1935
mckecbi01,1935
grimmch01,1935
dressch01,1935
terrybi01,1935
wilsoji01,1935
traynpi01,1935
friscfr01,1935
cronijo01,1936
dykesji01,1936
oneilst01,1936
cochrmi01,1936
bakerde01,1936
cochrmi01,1936
mccarjo99,1936
mackco01,1936
hornsro01,1936
harribu01,1936
stengca01,1936
mckecbi01,1936
grimmch01,1936
dressch01,1936
terrybi01,1936
wilsoji01,1936
traynpi01,1936
friscfr01,1936
cronijo01,1937
dykesji01,1937
oneilst01,1937
cochrmi01,1937
bakerde01,1937
cochrmi01,1937
bakerde01,1937
perkicy01,1937
mccarjo99,1937
mackco01,1937
mackea01,1937
hornsro01,1937
bottoji01,1937
harribu01,1937
grimebu01,1937
mckecbi01,1937
grimmch01,1937
dressch01,1937
wallabo01,1937
terrybi01,1937
wilsoji01,1937
traynpi01,1937
friscfr01,1937
cronijo01,1938
dykesji01,1938
vittos01,1938
cochrmi01,1938
bakerde01,1938
mccarjo99,1938
mackco01,1938
streega01,1938
melilsk01,1938
harribu01,1938
grimebu01,1938
stengca01,1938
grimmch01,1938
hartnga01,1938
mckecbi01,1938
terrybi01,1938
wilsoji01,1938
loberha01,1938
traynpi01,1938
friscfr01,1938
gonzami01,1938
cronijo01,1939
dykesji01,1939
vittos01,1939
bakerde01,1939
mccarjo99,1939
mackco01,1939
mackea01,1939
haneyfr01,1939
harribu01,1939
durocle01,1939
stengca01,1939
hartnga01,1939
mckecbi01,1939
terrybi01,1939
prothdo01,1939
traynpi01,1939
bladera01,1939
cronijo01,1940
dykesji01,1940
vittos01,1940
bakerde01,1940
mccarjo99,1940
mackco01,1940
haneyfr01,1940
harribu01,1940
durocle01,1940
stengca01,1940
hartnga01,1940
mckecbi01,1940
terrybi01,1940
prothdo01,1940
friscfr01,1940
bladera01,1940
gonzami01,1940
southbi01,1940
cronijo01,1941
dykesji01,1941
peckiro01,1941
bakerde01,1941
mccarjo99,1941
mackco01,1941
haneyfr01,1941
sewellu01,1941
harribu01,1941
durocle01,1941
stengca01,1941
wilsoji01,1941
mckecbi01,1941
terrybi01,1941
prothdo01,1941
friscfr01,1941
southbi01,1941
cronijo01,1942
dykesji01,1942
boudrlo01,1942
bakerde01,1942
mccarjo99,1942
mackco01,1942
sewellu01,1942
harribu01,1942
durocle01,1942
stengca01,1942
wilsoji01,1942
mckecbi01,1942
ottme01,1942
loberha01,1942
friscfr01,1942
southbi01,1942
cronijo01,1943
dykesji01,1943
boudrlo01,1943
oneilst01,1943
mccarjo99,1943
mackco01,1943
sewellu01,1943
bluegos01,1943
durocle01,1943
colembo01,1943
stengca01,1943
wilsoji01,1943
mckecbi01,1943
ottme01,1943
harribu01,1943
fitzsfr01,1943
friscfr01,1943
southbi01,1943
cronijo01,1944
dykesji01,1944
boudrlo01,1944
oneilst01,1944
mccarjo99,1944
mackco01,1944
sewellu01,1944
bluegos01,1944
durocle01,1944
colembo01,1944
wilsoji01,1944
johnsro01,1944
grimmch01,1944
mckecbi01,1944
ottme01,1944
fitzsfr01,1944
friscfr01,1944
southbi01,1944
cronijo01,1945
dykesji01,1945
boudrlo01,1945
oneilst01,1945
mccarjo99,1945
mackco01,1945
sewellu01,1945
bluegos01,1945
durocle01,1945
colembo01,1945
bissode01,1945
grimmch01,1945
mckecbi01,1945
ottme01,1945
fitzsfr01,1945
chapmbe01,1945
friscfr01,1945
southbi01,1945
cronijo01,1946
dykesji01,1946
lyonste01,1946
boudrlo01,1946
oneilst01,1946
mccarjo99,1946
dickebi01,1946
neunjo01,1946
mackco01,1946
sewellu01,1946
tayloza02,1946
bluegos01,1946
durocle01,1946
southbi01,1946
grimmch01,1946
mckecbi01,1946
gowdyha01,1946
ottme01,1946
chapmbe01,1946
friscfr01,1946
davissp01,1946
dyered01,1946
cronijo01,1947
lyonste01,1947
boudrlo01,1947
oneilst01,1947
harribu01,1947
mackco01,1947
ruelmu01,1947
bluegos01,1947
sukefcl01,1947
shottbu01,1947
southbi01,1947
grimmch01,1947
neunjo01,1947
ottme01,1947
chapmbe01,1947
hermabi01,1947
burwebi01,1947
dyered01,1947
mccarjo99,1948
lyonste01,1948
boudrlo01,1948
oneilst01,1948
harribu01,1948
mackco01,1948
tayloza02,1948
kuheljo01,1948
durocle01,1948
bladera01,1948
shottbu01,1948
southbi01,1948
grimmch01,1948
neunjo01,1948
waltebu01,1948
ottme01,1948
durocle01,1948
chapmbe01,1948
cookedu01,1948
sawyeed99,1948
meyerbi01,1948
dyered01,1948
mccarjo99,1949
onsloja01,1949
boudrlo01,1949
rolfere01,1949
stengca01,1949
mackco01,1949
tayloza02,1949
kuheljo01,1949
shottbu01,1949
southbi01,1949
coonejo01,1949
grimmch01,1949
friscfr01,1949
waltebu01,1949
sewellu01,1949
durocle01,1949
sawyeed99,1949
meyerbi01,1949
dyered01,1949
mccarjo99,1950
oneilst01,1950
onsloja01,1950
corrire01,1950
boudrlo01,1950
rolfere01,1950
stengca01,1950
mackco01,1950
tayloza02,1950
harribu01,1950
shottbu01,1950
southbi01,1950
friscfr01,1950
sewellu01,1950
durocle01,1950
sawyeed99,1950
meyerbi01,1950
dyered01,1950
oneilst01,1951
richapa01,1951
lopezal01,1951
rolfere01,1951
stengca01,1951
dykesji01,1951
tayloza02,1951
harribu01,1951
dressch01,1951
southbi01,1951
holmeto01,1951
friscfr01,1951
cavarph01,1951
sewellu01,1951
durocle01,1951
sawyeed99,1951
meyerbi01,1951
marioma01,1951
boudrlo01,1952
richapa01,1952
lopezal01,1952
rolfere01,1952
hutchfr01,1952
stengca01,1952
dykesji01,1952
hornsro01,1952
marioma01,1952
harribu01,1952
dressch01,1952
holmeto01,1952
grimmch01,1952
cavarph01,1952
sewellu01,1952
bruckea01,1952
hornsro01,1952
durocle01,1952
sawyeed99,1952
oneilst01,1952
meyerbi01,1952
stanked01,1952
boudrlo01,1953
richapa01,1953
lopezal01,1953
hutchfr01,1953
stengca01,1953
dykesji01,1953
marioma01,1953
harribu01,1953
dressch01,1953
cavarph01,1953
hornsro01,1953
millsbu01,1953
grimmch01,1953
durocle01,1953
oneilst01,1953
haneyfr01,1953
stanked01,1953
dykesji01,1954
boudrlo01,1954
richapa01,1954
marioma01,1954
lopezal01,1954
hutchfr01,1954
stengca01,1954
joosted01,1954
harribu01,1954
alstowa01,1954
hackst01,1954
tebbebi01,1954
grimmch01,1954
durocle01,1954
oneilst01,1954
moorete01,1954
haneyfr01,1954
stanked01,1954
richapa01,1955
higgipi01,1955
marioma01,1955
lopezal01,1955
harribu01,1955
boudrlo01,1955
stengca01,1955
dressch01,1955
alstowa01,1955
hackst01,1955
tebbebi01,1955
grimmch01,1955
durocle01,1955
smithma01,1955
haneyfr01,1955
stanked01,1955
walkeha01,1955
richapa01,1956
higgipi01,1956
marioma01,1956
lopezal01,1956
harribu01,1956
boudrlo01,1956
stengca01,1956
dressch01,1956
alstowa01,1956
hackst01,1956
tebbebi01,1956
grimmch01,1956
haneyfr01,1956
rignebi01,1956
smithma01,1956
bragabo01,1956
hutchfr01,1956
richapa01,1957
higgipi01,1957
lopezal01,1957
farreke01,1957
tigheja99,1957
boudrlo01,1957
craftha01,1957
stengca01,1957
dressch01,1957
lavagco01,1957
alstowa01,1957
schefbo01,1957
tebbebi01,1957
haneyfr01,1957
rignebi01,1957
smithma01,1957
bragabo01,1957
murtada01,1957
hutchfr01,1957
richapa01,1958
higgipi01,1958
lopezal01,1958
bragabo01,1958
gordojo01,1958
tigheja99,1958
normabi01,1958
craftha01,1958
stengca01,1958
lavagco01,1958
schefbo01,1958
tebbebi01,1958
dykesji01,1958
alstowa01,1958
haneyfr01,1958
smithma01,1958
sawyeed99,1958
murtada01,1958
rignebi01,1958
hutchfr01,1958
hackst01,1958
richapa01,1959
higgipi01,1959
yorkru01,1959
jurgebi01,1959
lopezal01,1959
gordojo01,1959
normabi01,1959
dykesji01,1959
craftha01,1959
stengca01,1959
lavagco01,1959
schefbo01,1959
smithma01,1959
hutchfr01,1959
alstowa01,1959
haneyfr01,1959
sawyeed99,1959
murtada01,1959
rignebi01,1959
hemusso01,1959
richapa01,1960
jurgebi01,1960
bakerde01,1960
higgipi01,1960
lopezal01,1960
gordojo01,1960
whitejo01,1960
dykesji01,1960
dykesji01,1960
hitchbi01,1960
gordojo01,1960
elliobo01,1960
stengca01,1960
lavagco01,1960
grimmch01,1960
boudrlo01,1960
hutchfr01,1960
alstowa01,1960
dressch01,1960
sawyeed99,1960
cohenan01,1960
mauchge01,1960
murtada01,1960
rignebi01,1960
sheehto02,1960
hemusso01,1960
richapa01,1961
harrilu01,1961
higgipi01,1961
lopezal01,1961
dykesji01,1961
hardeme01,1961
schefbo01,1961
gordojo01,1961
bauerha01,1961
rignebi01,1961
lavagco01,1961
melesa01,1961
lavagco01,1961
melesa01,1961
houkra01,1961
vernomi01,1961
himslve99,1961
craftha01,1961
himslve99,1961
tappeel01,1961
craftha01,1961
himslve99,1961
tappeel01,1961
kleinlo01,1961
tappeel01,1961
hutchfr01,1961
alstowa01,1961
dressch01,1961
tebbebi01,1961
mauchge01,1961
murtada01,1961
darkal01,1961
hemusso01,1961
keanejo99,1961
hitchbi01,1962
higgipi01,1962
lopezal01,1962
mcgahme99,1962
hardeme01,1962
schefbo01,1962
bauerha01,1962
rignebi01,1962
melesa01,1962
houkra01,1962
vernomi01,1962
tappeel01,1962
kleinlo01,1962
metroch01,1962
hutchfr01,1962
craftha01,1962
alstowa01,1962
tebbebi01,1962
stengca01,1962
mauchge01,1962
murtada01,1962
darkal01,1962
keanejo99,1962
hitchbi01,1963
peskyjo01,1963
lopezal01,1963
tebbebi01,1963
schefbo01,1963
dressch01,1963
lopated01,1963
rignebi01,1963
melesa01,1963
houkra01,1963
vernomi01,1963
yosted01,1963
hodgegi01,1963
kennebo01,1963
hutchfr01,1963
craftha01,1963
alstowa01,1963
bragabo01,1963
stengca01,1963
mauchge01,1963
murtada01,1963
darkal01,1963
keanejo99,1963
bauerha01,1964
peskyjo01,1964
hermabi01,1964
lopezal01,1964
stricge01,1964
tebbebi01,1964
dressch01,1964
lopated01,1964
mcgahme99,1964
rignebi01,1964
melesa01,1964
berrayo01,1964
hodgegi01,1964
kennebo01,1964
hutchfr01,1964
sisledi01,1964
hutchfr01,1964
sisledi01,1964
craftha01,1964
harrilu01,1964
alstowa01,1964
bragabo01,1964
stengca01,1964
mauchge01,1964
murtada01,1964
darkal01,1964
keanejo99,1964
bauerha01,1965
hermabi01,1965
rignebi01,1965
lopezal01,1965
tebbebi01,1965
swiftbo01,1965
dressch01,1965
mcgahme99,1965
sulliha02,1965
melesa01,1965
keanejo99,1965
hodgegi01,1965
kennebo01,1965
kleinlo01,1965
sisledi01,1965
harrilu01,1965
alstowa01,1965
bragabo01,1965
stengca01,1965
westrwe01,1965
mauchge01,1965
walkeha01,1965
frankhe01,1965
schoere01,1965
bauerha01,1966
hermabi01,1966
runnepe01,1966
rignebi01,1966
stanked01,1966
tebbebi01,1966
stricge01,1966
dressch01,1966
swiftbo01,1966
skafffr01,1966
darkal01,1966
melesa01,1966
keanejo99,1966
houkra01,1966
hodgegi01,1966
bragabo01,1966
hitchbi01,1966
durocle01,1966
heffndo01,1966
bristda99,1966
hattogr01,1966
alstowa01,1966
westrwe01,1966
mauchge01,1966
walkeha01,1966
frankhe01,1966
schoere01,1966
bauerha01,1967
willidi02,1967
rignebi01,1967
stanked01,1967
adcocjo01,1967
smithma01,1967
darkal01,1967
applilu01,1967
melesa01,1967
ermerca01,1967
houkra01,1967
hodgegi01,1967
hitchbi01,1967
silveke01,1967
durocle01,1967
bristda99,1967
hattogr01,1967
alstowa01,1967
westrwe01,1967
parkesa01,1967
mauchge01,1967
walkeha01,1967
murtada01,1967
frankhe01,1967
schoere01,1967
bauerha01,1968
weaveea99,1968
willidi02,1968
rignebi01,1968
stanked01,1968
mossle01,1968
lopezal01,1968
mossle01,1968
lopezal01,1968
darkal01,1968
smithma01,1968
ermerca01,1968
houkra01,1968
kennebo01,1968
lemonji01,1968
harrilu01,1968
durocle01,1968
bristda99,1968
hattogr01,1968
walkeha01,1968
alstowa01,1968
hodgegi01,1968
mauchge01,1968
myattge01,1968
skinnbo01,1968
shepala99,1968
frankhe01,1968
schoere01,1968
weaveea99,1969
willidi02,1969
popowed99,1969
rignebi01,1969
phillle99,1969
lopezal01,1969
guttedo01,1969
darkal01,1969
smithma01,1969
gordojo01,1969
martibi02,1969
houkra01,1969
bauerha01,1969
mcnamjo99,1969
schuljo05,1969
willite01,1969
harrilu01,1969
durocle01,1969
bristda99,1969
walkeha01,1969
alstowa01,1969
mauchge01,1969
hodgegi01,1969
skinnbo01,1969
myattge01,1969
shepala99,1969
grammal01,1969
gomezpr01,1969
kingcl01,1969
schoere01,1969
weaveea99,1970
kaskoed01,1970
phillle99,1970
guttedo01,1970
adairbi99,1970
tannech01,1970
darkal01,1970
smithma01,1970
metroch01,1970
lemonbo01,1970
rignebi01,1970
bristda99,1970
houkra01,1970
mcnamjo99,1970
willite01,1970
harrilu01,1970
durocle01,1970
andersp01,1970
walkeha01,1970
alstowa01,1970
mauchge01,1970
hodgegi01,1970
lucchfr99,1970
murtada01,1970
gomezpr01,1970
kingcl01,1970
foxch01,1970
schoere01,1970
weaveea99,1971
kaskoed01,1971
phillle99,1971
tannech01,1971
darkal01,1971
liponjo01,1971
martibi02,1971
lemonbo01,1971
rignebi01,1971
bristda99,1971
houkra01,1971
willidi02,1971
willite01,1971
harrilu01,1971
durocle01,1971
andersp01,1971
walkeha01,1971
alstowa01,1971
mauchge01,1971
hodgegi01,1971
lucchfr99,1971
murtada01,1971
gomezpr01,1971
foxch01,1971
schoere01,1971
weaveea99,1972
kaskoed01,1972
ricede01,1972
tannech01,1972
asproke01,1972
martibi02,1972
lemonbo01,1972
rignebi01,1972
quilifr01,1972
bristda99,1972
mcmilro01,1972
crandde01,1972
houkra01,1972
willidi02,1972
willite01,1972
harrilu01,1972
matheed01,1972
durocle01,1972
lockmwh01,1972
andersp01,1972
walkeha01,1972
parkesa01,1972
durocle01,1972
alstowa01,1972
mauchge01,1972
berrayo01,1972
lucchfr99,1972
owenspa99,1972
virdobi01,1972
gomezpr01,1972
zimmedo01,1972
foxch01,1972
schoere01,1972
weaveea99,1973
kaskoed01,1973
popowed99,1973
winklbo99,1973
tannech01,1973
asproke01,1973
martibi02,1973
schuljo05,1973
mckeoja99,1973
quilifr01,1973
crandde01,1973
houkra01,1973
willidi02,1973
herzowh01,1973
wilbede01,1973
martibi02,1973
matheed01,1973
lockmwh01,1973
andersp01,1973
durocle01,1973
alstowa01,1973
mauchge01,1973
berrayo01,1973
ozarkda99,1973
virdobi01,1973
murtada01,1973
zimmedo01,1973
foxch01,1973
schoere01,1973
weaveea99,1974
johnsda01,1974
winklbo99,1974
herzowh01,1974
willidi02,1974
tannech01,1974
asproke01,1974
houkra01,1974
mckeoja99,1974
quilifr01,1974
crandde01,1974
virdobi01,1974
darkal01,1974
martibi02,1974
matheed01,1974
kingcl01,1974
lockmwh01,1974
marshji01,1974
andersp01,1974
gomezpr01,1974
alstowa01,1974
mauchge01,1974
berrayo01,1974
ozarkda99,1974
murtada01,1974
mcnamjo99,1974
foxch01,1974
westrwe01,1974
schoere01,1974
weaveea99,1975
johnsda01,1975
willidi02,1975
tannech01,1975
robinfr02,1975
houkra01,1975
mckeoja99,1975
herzowh01,1975
quilifr01,1975
crandde01,1975
kuennha01,1975
virdobi01,1975
martibi02,1975
darkal01,1975
martibi02,1975
lucchfr99,1975
kingcl01,1975
ryanco01,1975
marshji01,1975
andersp01,1975
gomezpr01,1975
virdobi01,1975
alstowa01,1975
mauchge01,1975
berrayo01,1975
mcmilro01,1975
ozarkda99,1975
murtada01,1975
mcnamjo99,1975
westrwe01,1975
schoere01,1975
weaveea99,1976
johnsda01,1976
zimmedo01,1976
willidi02,1976
sherrno01,1976
richapa01,1976
robinfr02,1976
houkra01,1976
herzowh01,1976
mauchge01,1976
grammal01,1976
martibi02,1976
tannech01,1976
lucchfr99,1976
bristda99,1976
marshji01,1976
andersp01,1976
virdobi01,1976
alstowa01,1976
lasorto01,1976
kuehlka99,1976
foxch01,1976
frazijo01,1976
ozarkda99,1976
murtada01,1976
mcnamjo99,1976
rignebi01,1976
schoere01,1976
weaveea99,1977
zimmedo01,1977
sherrno01,1977
garcida99,1977
lemonbo01,1977
robinfr02,1977
torboje01,1977
houkra01,1977
herzowh01,1977
mauchge01,1977
grammal01,1977
martibi02,1977
mckeoja99,1977
winklbo99,1977
johnsda01,1977
lucchfr99,1977
stanked01,1977
ryanco01,1977
huntebi03,1977
hartsro01,1977
bristda99,1977
turnete99,1977
bensove01,1977
bristda99,1977
frankhe01,1977
andersp01,1977
virdobi01,1977
lasorto01,1977
willidi02,1977
frazijo01,1977
torrejo01,1977
ozarkda99,1977
tannech01,1977
mcnamjo99,1977
skinnbo01,1977
darkal01,1977
altobjo01,1977
rappve99,1977
weaveea99,1978
zimmedo01,1978
garcida99,1978
fregoji01,1978
lemonbo01,1978
dobyla01,1978
torboje01,1978
houkra01,1978
herzowh01,1978
mauchge01,1978
bambege01,1978
martibi02,1978
howsedi01,1978
lemonbo01,1978
winklbo99,1978
mckeoja99,1978
johnsda01,1978
huntebi03,1978
corrapa01,1978
hartsro01,1978
coxbo01,1978
frankhe01,1978
andersp01,1978
virdobi01,1978
lasorto01,1978
willidi02,1978
torrejo01,1978
ozarkda99,1978
tannech01,1978
craigro01,1978
altobjo01,1978
rappve99,1978
krolja99,1978
boyerke01,1978
weaveea99,1979
zimmedo01,1979
fregoji01,1979
kessido01,1979
larusto01,1979
torboje01,1979
garcida99,1979
mossle01,1979
tracedi01,1979
andersp01,1979
herzowh01,1979
mauchge01,1979
bambege01,1979
lemonbo01,1979
martibi02,1979
marshji01,1979
johnsda01,1979
corrapa01,1979
hartsro01,1979
coxbo01,1979
frankhe01,1979
amalfjo01,1979
mcnamjo99,1979
virdobi01,1979
lasorto01,1979
willidi02,1979
torrejo01,1979
ozarkda99,1979
greenda02,1979
tannech01,1979
craigro01,1979
altobjo01,1979
bristda99,1979
boyerke01,1979
weaveea99,1980
zimmedo01,1980
peskyjo01,1980
fregoji01,1980
larusto01,1980
garcida99,1980
andersp01,1980
freyji99,1980
mauchge01,1980
goryljo01,1980
rodgebu01,1980
bambege01,1980
rodgebu01,1980
howsedi01,1980
martibi02,1980
johnsda01,1980
willsma01,1980
corrapa01,1980
mattibo01,1980
coxbo01,1980
gomezpr01,1980
amalfjo01,1980
mcnamjo99,1980
virdobi01,1980
lasorto01,1980
willidi02,1980
torrejo01,1980
greenda02,1980
tannech01,1980
colemje01,1980
bristda99,1980
boyerke01,1980
krolja99,1980
herzowh01,1980
schoere01,1980
weaveea99,1981
houkra01,1981
fregoji01,1981
mauchge01,1981
larusto01,1981
garcida99,1981
andersp01,1981
freyji99,1981
howsedi01,1981
goryljo01,1981
gardnbi02,1981
rodgebu01,1981
michage01,1981
lemonbo01,1981
martibi02,1981
willsma01,1981
lachere01,1981
zimmedo01,1981
mattibo01,1981
coxbo01,1981
amalfjo01,1981
mcnamjo99,1981
virdobi01,1981
lasorto01,1981
willidi02,1981
fanniji01,1981
torrejo01,1981
greenda02,1981
tannech01,1981
howarfr01,1981
robinfr02,1981
herzowh01,1981
weaveea99,1982
houkra01,1982
mauchge01,1982
larusto01,1982
garcida99,1982
andersp01,1982
howsedi01,1982
gardnbi02,1982
rodgebu01,1982
kuennha01,1982
lemonbo01,1982
michage01,1982
kingcl01,1982
martibi02,1982
lachere01,1982
zimmedo01,1982
johnsda01,1982
coxbo01,1982
torrejo01,1982
eliale01,1982
mcnamjo99,1982
nixonru01,1982
virdobi01,1982
lillibo01,1982
lasorto01,1982
fanniji01,1982
bambege01,1982
corrapa01,1982
tannech01,1982
willidi02,1982
robinfr02,1982
herzowh01,1982
altobjo01,1983
houkra01,1983
mcnamjo99,1983
larusto01,1983
ferrami01,1983
corrapa01,1983
andersp01,1983
howsedi01,1983
gardnbi02,1983
kuennha01,1983
martibi02,1983
borosst01,1983
lachere01,1983
crandde01,1983
raderdo02,1983
coxbo01,1983
torrejo01,1983
eliale01,1983
foxch01,1983
nixonru01,1983
lillibo01,1983
lasorto01,1983
virdobi01,1983
bambege01,1983
howarfr01,1983
corrapa01,1983
owenspa99,1983
tannech01,1983
willidi02,1983
robinfr02,1983
herzowh01,1983
altobjo01,1984
houkra01,1984
mcnamjo99,1984
larusto01,1984
corrapa01,1984
andersp01,1984
howsedi01,1984
gardnbi02,1984
lachere01,1984
berrayo01,1984
borosst01,1984
mooreja01,1984
crandde01,1984
cottich01,1984
raderdo02,1984
coxbo01,1984
torrejo01,1984
freyji99,1984
rappve99,1984
rosepe01,1984
lillibo01,1984
lasorto01,1984
virdobi01,1984
fanniji01,1984
johnsda02,1984
owenspa99,1984
tannech01,1984
willidi02,1984
robinfr02,1984
ozarkda99,1984
herzowh01,1984
altobjo01,1985
ripkeca99,1985
weaveea99,1985
mcnamjo99,1985
mauchge01,1985
larusto01,1985
corrapa01,1985
andersp01,1985
howsedi01,1985
gardnbi02,1985
millera99,1985
bambege01,1985
berrayo01,1985
martibi02,1985
mooreja01,1985
cottich01,1985
raderdo02,1985
valenbo02,1985
coxbo01,1985
haased01,1985
winebo01,1985
freyji99,1985
rosepe01,1985
lillibo01,1985
lasorto01,1985
rodgebu01,1985
johnsda02,1985
felskjo01,1985
tannech01,1985
willidi02,1985
davenji01,1985
craigro01,1985
herzowh01,1985
weaveea99,1986
mcnamjo99,1986
mauchge01,1986
larusto01,1986
raderdo02,1986
fregoji01,1986
corrapa01,1986
andersp01,1986
howsedi01,1986
ferrami01,1986
millera99,1986
kellyto01,1986
bambege01,1986
trebeto99,1986
pinielo01,1986
mooreja01,1986
newmaje01,1986
larusto01,1986
cottich01,1986
martima01,1986
willidi02,1986
valenbo02,1986
williji03,1986
tannech01,1986
freyji99,1986
vukovjo01,1986
michage01,1986
rosepe01,1986
lanieha01,1986
lasorto01,1986
rodgebu01,1986
johnsda02,1986
felskjo01,1986
leylaji99,1986
borosst01,1986
craigro01,1986
herzowh01,1986
ripkeca99,1987
mcnamjo99,1987
mauchge01,1987
fregoji01,1987
corrapa01,1987
edwardo01,1987
andersp01,1987
gardnbi02,1987
wathajo01,1987
kellyto01,1987
trebeto99,1987
pinielo01,1987
larusto01,1987
willidi02,1987
valenbo02,1987
williji03,1987
tannech01,1987
michage01,1987
lucchfr99,1987
rosepe01,1987
lanieha01,1987
lasorto01,1987
rodgebu01,1987
johnsda02,1987
felskjo01,1987
eliale01,1987
leylaji99,1987
bowala01,1987
craigro01,1987
herzowh01,1987
ripkeca99,1988
robinfr02,1988
mcnamjo99,1988
morgajo01,1988
rojasco01,1988
stubimo01,1988
fregoji01,1988
edwardo01,1988
andersp01,1988
wathajo01,1988
kellyto01,1988
trebeto99,1988
martibi02,1988
pinielo01,1988
larusto01,1988
willidi02,1988
snydeji02,1988
valenbo02,1988
williji03,1988
tannech01,1988
nixonru01,1988
zimmedo01,1988
rosepe01,1988
helmsto01,1988
rosepe01,1988
lanieha01,1988
lasorto01,1988
rodgebu01,1988
johnsda02,1988
eliale01,1988
vukovjo01,1988
leylaji99,1988
bowala01,1988
mckeoja99,1988
craigro01,1988
herzowh01,1988
robinfr02,1989
morgajo01,1989
raderdo02,1989
torboje01,1989
edwardo01,1989
hartjo99,1989
andersp01,1989
wathajo01,1989
kellyto01,1989
trebeto99,1989
greenda02,1989
dentbu01,1989
larusto01,1989
lefebji01,1989
valenbo02,1989
williji03,1989
gastoci01,1989
nixonru01,1989
zimmedo01,1989
rosepe01,1989
helmsto01,1989
howear01,1989
lasorto01,1989
rodgebu01,1989
johnsda02,1989
leyvani99,1989
leylaji99,1989
mckeoja99,1989
craigro01,1989
herzowh01,1989
robinfr02,1990
morgajo01,1990
raderdo02,1990
torboje01,1990
mcnamjo99,1990
andersp01,1990
wathajo01,1990
kellyto01,1990
trebeto99,1990
dentbu01,1990
merrist99,1990
larusto01,1990
lefebji01,1990
valenbo02,1990
gastoci01,1990
nixonru01,1990
coxbo01,1990
zimmedo01,1990
pinielo01,1990
howear01,1990
lasorto01,1990
rodgebu01,1990
johnsda02,1990
harrebu01,1990
leyvani99,1990
leylaji99,1990
mckeoja99,1990
riddogr99,1990
craigro01,1990
herzowh01,1990
schoere01,1990
torrejo01,1990
robinfr02,1991
oatesjo01,1991
morgajo01,1991
raderdo02,1991
rodgebu01,1991
torboje01,1991
mcnamjo99,1991
hargrmi01,1991
andersp01,1991
wathajo01,1991
schaebo99,1991
mcraeha01,1991
kellyto01,1991
trebeto99,1991
merrist99,1991
larusto01,1991
lefebji01,1991
valenbo02,1991
gastoci01,1991
tenacge01,1991
gastoci01,1991
coxbo01,1991
zimmedo01,1991
altobjo01,1991
essiaji01,1991
pinielo01,1991
howear01,1991
lasorto01,1991
rodgebu01,1991
runneto01,1991
harrebu01,1991
cubbami01,1991
leyvani99,1991
fregoji01,1991
leylaji99,1991
riddogr99,1991
craigro01,1991
torrejo01,1991
oatesjo01,1992
hobsobu01,1992
rodgebu01,1992
wathajo01,1992
rodgebu01,1992
lamonge01,1992
hargrmi01,1992
andersp01,1992
mcraeha01,1992
kellyto01,1992
garneph01,1992
showabu99,1992
larusto01,1992
plummbi01,1992
valenbo02,1992
harrato01,1992
gastoci01,1992
coxbo01,1992
lefebji01,1992
pinielo01,1992
howear01,1992
lasorto01,1992
runneto01,1992
aloufe01,1992
torboje01,1992
fregoji01,1992
leylaji99,1992
riddogr99,1992
rigglji99,1992
craigro01,1992
torrejo01,1992
oatesjo01,1993
hobsobu01,1993
rodgebu01,1993
lamonge01,1993
hargrmi01,1993
andersp01,1993
mcraeha01,1993
kellyto01,1993
garneph01,1993
showabu99,1993
larusto01,1993
pinielo01,1993
kenneke99,1993
gastoci01,1993
coxbo01,1993
lefebji01,1993
perezto01,1993
johnsda02,1993
baylodo01,1993
lachere01,1993
howear01,1993
lasorto01,1993
aloufe01,1993
torboje01,1993
greenda02,1993
fregoji01,1993
leylaji99,1993
rigglji99,1993
bakerdu01,1993
torrejo01,1993
oatesjo01,1994
hobsobu01,1994
rodgebu01,1994
lachema01,1994
lamonge01,1994
hargrmi01,1994
andersp01,1994
mcraeha01,1994
kellyto01,1994
garneph01,1994
showabu99,1994
larusto01,1994
pinielo01,1994
kenneke99,1994
gastoci01,1994
coxbo01,1994
trebeto99,1994
johnsda02,1994
baylodo01,1994
lachere01,1994
collite99,1994
lasorto01,1994
aloufe01,1994
greenda02,1994
fregoji01,1994
leylaji99,1994
rigglji99,1994
bakerdu01,1994
torrejo01,1994
reganph01,1995
kenneke99,1995
lachema01,1995
lamonge01,1995
bevinte99,1995
hargrmi01,1995
andersp01,1995
boonebo01,1995
kellyto01,1995
garneph01,1995
showabu99,1995
larusto01,1995
pinielo01,1995
oatesjo01,1995
gastoci01,1995
coxbo01,1995
rigglji99,1995
johnsda02,1995
baylodo01,1995
lachere01,1995
collite99,1995
lasorto01,1995
aloufe01,1995
greenda02,1995
fregoji01,1995
leylaji99,1995
bochybr01,1995
bakerdu01,1995
torrejo01,1995
jorgemi01,1995
johnsda02,1996
kenneke99,1996
lachema01,1996
mcnamjo99,1996
maddojo99,1996
bevinte99,1996
hargrmi01,1996
bellbu01,1996
boonebo01,1996
kellyto01,1996
garneph01,1996
torrejo01,1996
howear01,1996
pinielo01,1996
oatesjo01,1996
gastoci01,1996
coxbo01,1996
rigglji99,1996
knighra01,1996
baylodo01,1996
lachere01,1996
rojasco01,1996
bolesjo99,1996
collite99,1996
lasorto01,1996
russebi01,1996
aloufe01,1996
greenda02,1996
valenbo02,1996
fregoji01,1996
leylaji99,1996
bochybr01,1996
bakerdu01,1996
larusto01,1996
collite99,1997
johnsda02,1997
williji03,1997
bevinte99,1997
hargrmi01,1997
bellbu01,1997
boonebo01,1997
muserto01,1997
kellyto01,1997
garneph01,1997
torrejo01,1997
howear01,1997
pinielo01,1997
oatesjo01,1997
gastoci01,1997
queenme02,1997
coxbo01,1997
rigglji99,1997
knighra01,1997
mckeoja99,1997
baylodo01,1997
leylaji99,1997
dierkla01,1997
russebi01,1997
aloufe01,1997
valenbo02,1997
francte01,1997
lamonge01,1997
bochybr01,1997
bakerdu01,1997
larusto01,1997
collite99,1998
millera99,1998
williji03,1998
manueje01,1998
hargrmi01,1998
bellbu01,1998
parrila01,1998
muserto01,1998
kellyto01,1998
torrejo01,1998
howear01,1998
pinielo01,1998
rothsla01,1998
oatesjo01,1998
johnsti01,1998
showabu99,1998
coxbo01,1998
rigglji99,1998
mckeoja99,1998
baylodo01,1998
leylaji99,1998
dierkla01,1998
russebi01,1998
hoffmgl01,1998
garneph01,1998
aloufe01,1998
valenbo02,1998
francte01,1998
lamonge01,1998
bochybr01,1998
bakerdu01,1998
larusto01,1998
collite99,1999
maddojo99,1999
millera99,1999
williji03,1999
manueje01,1999
hargrmi01,1999
parrila01,1999
muserto01,1999
kellyto01,1999
torrejo01,1999
howear01,1999
pinielo01,1999
rothsla01,1999
oatesjo01,1999
fregoji01,1999
showabu99,1999
coxbo01,1999
rigglji99,1999
mckeoja99,1999
leylaji99,1999
bolesjo99,1999
dierkla01,1999
galanma99,1999
dierkla01,1999
johnsda02,1999
garneph01,1999
lefebji01,1999
aloufe01,1999
valenbo02,1999
francte01,1999
lamonge01,1999
bochybr01,1999
bakerdu01,1999
larusto01,1999
sciosmi01,2000
hargrmi01,2000
williji03,2000
manueje01,2000
manuech01,2000
garneph01,2000
muserto01,2000
kellyto01,2000
torrejo01,2000
howear01,2000
pinielo01,2000
rothsla01,2000
oatesjo01,2000
fregoji01,2000
showabu99,2000
coxbo01,2000
baylodo01,2000
mckeoja99,2000
bellbu01,2000
bolesjo99,2000
dierkla01,2000
johnsda02,2000
lopesda01,2000
aloufe01,2000
valenbo02,2000
francte01,2000
lamonge01,2000
bochybr01,2000
bakerdu01,2000
larusto01,2000
sciosmi01,2001
hargrmi01,2001
williji03,2001
kerrijo01,2001
manueje01,2001
manuech01,2001
garneph01,2001
muserto01,2001
kellyto01,2001
torrejo01,2001
howear01,2001
pinielo01,2001
rothsla01,2001
mcraeha01,2001
oatesjo01,2001
narroje01,2001
martibu01,2001
brenlbo01,2001
coxbo01,2001
baylodo01,2001
boonebo01,2001
bellbu01,2001
bolesjo99,2001
perezto01,2001
dierkla01,2001
tracyji01,2001
lopesda01,2001
aloufe01,2001
torboje01,2001
valenbo02,2001
bowala01,2001
mcclell01,2001
bochybr01,2001
bakerdu01,2001
larusto01,2001
sciosmi01,2002
hargrmi01,2002
littlgr99,2002
manueje01,2002
manuech01,2002
skinnjo01,2002
garneph01,2002
pujollu01,2002
muserto01,2002
mizerjo01,2002
penato01,2002
gardero01,2002
torrejo01,2002
howear01,2002
pinielo01,2002
mcraeha01,2002
narroje01,2002
martibu01,2002
toscaca99,2002
brenlbo01,2002
coxbo01,2002
baylodo01,2002
lachere01,2002
kimmbr01,2002
boonebo01,2002
bellbu01,2002
hurdlcl01,2002
torboje01,2002
williji03,2002
tracyji01,2002
lopesda01,2002
roystje01,2002
robinfr02,2002
valenbo02,2002
bowala01,2002
mcclell01,2002
bochybr01,2002
bakerdu01,2002
larusto01,2002
sciosmi01,2003
hargrmi01,2003
littlgr99,2003
manueje01,2003
wedgeer01,2003
trammal01,2003
penato01,2003
gardero01,2003
torrejo01,2003
machake01,2003
melvibo01,2003
pinielo01,2003
showabu99,2003
toscaca99,2003
brenlbo01,2003
coxbo01,2003
bakerdu01,2003
boonebo01,2003
knighra01,2003
mileyda99,2003
hurdlcl01,2003
torboje01,2003
mckeoja99,2003
williji03,2003
tracyji01,2003
yostne01,2003
robinfr02,2003
howear01,2003
bowala01,2003
mcclell01,2003
bochybr01,2003
aloufe01,2003
larusto01,2003
sciosmi01,2004
mazzile01,2004
francte01,2004
guilloz01,2004
wedgeer01,2004
trammal01,2004
penato01,2004
gardero01,2004
torrejo01,2004
machake01,2004
melvibo01,2004
pinielo01,2004
showabu99,2004
toscaca99,2004
gibbojo02,2004
brenlbo01,2004
pedrial01,2004
coxbo01,2004
bakerdu01,2004
mileyda99,2004
hurdlcl01,2004
mckeoja99,2004
williji03,2004
garneph01,2004
tracyji01,2004
yostne01,2004
robinfr02,2004
howear01,2004
bowala01,2004
varshga01,2004
mcclell01,2004
bochybr01,2004
aloufe01,2004
larusto01,2004
mazzile01,2005
perlosa01,2005
francte01,2005
guilloz01,2005
wedgeer01,2005
trammal01,2005
penato01,2005
schaebo99,2005
bellbu01,2005
sciosmi01,2005
gardero01,2005
torrejo01,2005
machake01,2005
hargrmi01,2005
pinielo01,2005
showabu99,2005
gibbojo02,2005
melvibo01,2005
coxbo01,2005
bakerdu01,2005
mileyda99,2005
narroje01,2005
hurdlcl01,2005
mckeoja99,2005
garneph01,2005
tracyji01,2005
yostne01,2005
randowi01,2005
manuech01,2005
mcclell01,2005
mackape01,2005
bochybr01,2005
aloufe01,2005
larusto01,2005
robinfr02,2005
perlosa01,2006
francte01,2006
guilloz01,2006
wedgeer01,2006
leylaji99,2006
bellbu01,2006
sciosmi01,2006
gardero01,2006
torrejo01,2006
machake01,2006
hargrmi01,2006
maddojo99,2006
showabu99,2006
gibbojo02,2006
melvibo01,2006
coxbo01,2006
bakerdu01,2006
narroje01,2006
hurdlcl01,2006
girarjo01,2006
garneph01,2006
littlgr99,2006
yostne01,2006
randowi01,2006
manuech01,2006
tracyji01,2006
bochybr01,2006
aloufe01,2006
larusto01,2006
robinfr02,2006
perlosa01,2007
trembda99,2007
francte01,2007
guilloz01,2007
wedgeer01,2007
leylaji99,2007
bellbu01,2007
sciosmi01,2007
gardero01,2007
torrejo01,2007
gerenbo01,2007
hargrmi01,2007
mclarjo99,2007
maddojo99,2007
washiro01,2007
gibbojo02,2007
melvibo01,2007
coxbo01,2007
pinielo01,2007
narroje01,2007
mackape01,2007
hurdlcl01,2007
gonzafr99,2007
garneph01,2007
coopece01,2007
littlgr99,2007
yostne01,2007
randowi01,2007
manuech01,2007
tracyji01,2007
blackbu02,2007
bochybr01,2007
larusto01,2007
actama99,2007
trembda99,2008
francte01,2008
guilloz01,2008
wedgeer01,2008
leylaji99,2008
hillmtr99,2008
sciosmi01,2008
gardero01,2008
girarjo01,2008
gerenbo01,2008
mclarjo99,2008
rigglji99,2008
maddojo99,2008
washiro01,2008
gibbojo02,2008
gastoci01,2008
melvibo01,2008
coxbo01,2008
pinielo01,2008
bakerdu01,2008
hurdlcl01,2008
gonzafr99,2008
coopece01,2008
torrejo01,2008
yostne01,2008
sveumda01,2008
randowi01,2008
manueje01,2008
manuech01,2008
russejo02,2008
blackbu02,2008
bochybr01,2008
larusto01,2008
actama99,2008
trembda99,2009
francte01,2009
guilloz01,2009
wedgeer01,2009
leylaji99,2009
hillmtr99,2009
sciosmi01,2009
gardero01,2009
girarjo01,2009
gerenbo01,2009
wakamdo01,2009
maddojo99,2009
washiro01,2009
gastoci01,2009
melvibo01,2009
hinchaj01,2009
coxbo01,2009
pinielo01,2009
bakerdu01,2009
hurdlcl01,2009
tracyji01,2009
gonzafr99,2009
coopece01,2009
clarkda05,2009
torrejo01,2009
machake01,2009
manueje01,2009
manuech01,2009
russejo02,2009
blackbu02,2009
bochybr01,2009
larusto01,2009
actama99,2009
rigglji99,2009
trembda99,2010
samueju01,2010
showabu99,2010
francte01,2010
guilloz01,2010
actama99,2010
leylaji99,2010
hillmtr99,2010
yostne01,2010
sciosmi01,2010
gardero01,2010
girarjo01,2010
gerenbo01,2010
wakamdo01,2010
brownda99,2010
maddojo99,2010
washiro01,2010
gastoci01,2010
hinchaj01,2010
gibsoki01,2010
coxbo01,2010
pinielo01,2010
quademi99,2010
bakerdu01,2010
tracyji01,2010
gonzafr99,2010
rodried02,2010
millsbr01,2010
torrejo01,2010
machake01,2010
manueje01,2010
manuech01,2010
russejo02,2010
blackbu02,2010
bochybr01,2010
larusto01,2010
rigglji99,2010
showabu99,2011
francte01,2011
guilloz01,2011
coopedo01,2011
actama99,2011
leylaji99,2011
yostne01,2011
sciosmi01,2011
gardero01,2011
girarjo01,2011
gerenbo01,2011
melvibo01,2011
wedgeer01,2011
maddojo99,2011
washiro01,2011
farrejo03,2011
gibsoki01,2011
gonzafr99,2011
quademi99,2011
bakerdu01,2011
tracyji01,2011
rodried02,2011
hydebr99,2011
mckeoja99,2011
millsbr01,2011
mattido01,2011
roeniro01,2011
collite99,2011
manuech01,2011
hurdlcl01,2011
blackbu02,2011
bochybr01,2011
larusto01,2011
rigglji99,2011
mclarjo99,2011
johnsda02,2011
showabu99,2012
valenbo02,2012
venturo01,2012
actama99,2012
alomasa02,2012
leylaji99,2012
yostne01,2012
sciosmi01,2012
gardero01,2012
girarjo01,2012
melvibo01,2012
wedgeer01,2012
maddojo99,2012
washiro01,2012
farrejo03,2012
gibsoki01,2012
gonzafr99,2012
sveumda01,2012
bakerdu01,2012
tracyji01,2012
guilloz01,2012
millsbr01,2012
defrato99,2012
mattido01,2012
roeniro01,2012
collite99,2012
manuech01,2012
hurdlcl01,2012
blackbu02,2012
bochybr01,2012
mathemi01,2012
johnsda02,2012
showabu99,2013
farrejo03,2013
venturo01,2013
francte01,2013
leylaji99,2013
yostne01,2013
sciosmi01,2013
gardero01,2013
girarjo01,2013
melvibo01,2013
wedgeer01,2013
maddojo99,2013
washiro01,2013
gibbojo02,2013
gibsoki01,2013
gonzafr99,2013
sveumda01,2013
bakerdu01,2013
weisswa01,2013
portebo03,2013
mattido01,2013
redmomi01,2013
roeniro01,2013
collite99,2013
manuech01,2013
sandbry01,2013
hurdlcl01,2013
blackbu02,2013
bochybr01,2013
mathemi01,2013
johnsda02,2013
gibsoki01,2014
trammal01,2014
gonzafr99,2014
showabu99,2014
farrejo03,2014
venturo01,2014
renteri01,2014
pricebr99,2014
francte01,2014
weisswa01,2014
ausmubr01,2014
portebo03,2014
lawleto01,2014
yostne01,2014
sciosmi01,2014
mattido01,2014
redmomi01,2014
roeniro01,2014
gardero01,2014
girarjo01,2014
collite99,2014
melvibo01,2014
sandbry01,2014
hurdlcl01,2014
blackbu02,2014
mcclell01,2014
bochybr01,2014
mathemi01,2014
maddojo99,2014
washiro01,2014
bogarti01,2014
gibbojo02,2014
willima04,2014
showabu99,2015
farrejo03,2015
venturo01,2015
francte01,2015
ausmubr01,2015
hinchaj01,2015
yostne01,2015
sciosmi01,2015
molitpa01,2015
girarjo01,2015
melvibo01,2015
mcclell01,2015
cashke01,2015
banisje01,2015
gibbojo02,2015
halech01,2015
gonzafr99,2015
maddojo99,2015
pricebr99,2015
weisswa01,2015
mattido01,2015
redmomi01,2015
jennida99,2015
roeniro01,2015
counscr01,2015
collite99,2015
sandbry01,2015
mackape01,2015
hurdlcl01,2015
blackbu02,2015
roberda07,2015
murphpa99,2015
bochybr01,2015
mathemi01,2015
willima04,2015
